Date,Name,What they bought,Amount,Paid?,Notes
8/7,Aria,2x towels,$84,Y,picked up
28 Jul,Ruby,2x serving boards,$138,Y,picked up
6/7,Hugo,towel,$42.00,,
10 Jul,Lena,2x mug sets,$98.00,no,
17/7,Priya,soy candle - fig,$34,yes,picked up
07/14,Dev,2x mug sets,98,Y,wants gift wrap
07/27,Ella,lamp shade,119,yes,
07/27,Dev,sea salt candle,$34,yes,DM order
07/27,Dev,sea salt candle,$34,yes,DM order
20/8,Dev,soy candle - sea salt,34,yes,picked up
08/27,Priya,jute floor rug,179,Yes,sent invoice
23/8,Finn,2x rugs,358,no,DM order
08/01,Omar,cushion cover,$39.00,yes,sent invoice
08/04,Lena,soy candle - sea salt,34,no,
20 Aug,Ruby,2x wall hangings,$150.00,Y,
08/18,Isla,blanket,$89.00,Y,
23/8,Hugo,2x towels,$84,Y,picked up
7/8,Sami,macrame wall hanging,$75,Yes,sent invoice
10/9,Grace,serving board,$69,Yes,DM order
17/9,Tara,1x sea salt candle,$34.00,Y,DM order
14 Sep,Nina,2x wall hangings,$150.00,Y,sent invoice
15/9,Lena,1x blanket,89,Y,
09/26,Kai,1x mug set,$49,Y,
10/9,Omar,glass carafe,45,,sent invoice
25 Sep,Priya,2x fig candles,$68,yes,
09/02,Omar,2x rugs,358,Yes,wants gift wrap
?,Mia,candle + towel,76,Y,not sure of date
