SKU,Product,Stock On Hand,Reorder Level,Last Updated,Supplier
PL-000,Bamboo Tray (DISCONTINUED),14,5,02/05/2026,Oakline
PL-001,Linen Throw Blanket,12,8,26/09/2026,Kiln House
PL-002,Ceramic Mug Set (4),28,5,29/08/2026,Oakline
PL-003,Rattan Lamp Shade,3,5,26/09/2026,Coastal Craft
PL-004,Soy Candle - Fig,37,10,19/09/2026,Kiln House
PL-005,Soy Candle - Sea Salt,25,10,26/09/2026,Coastal Craft
PL-006,Cotton Cushion Cover,5,5,19/09/2026,Kiln House
PL-007,Oak Serving Board,18,8,29/08/2026,Oakline
PL-008,Stoneware Vase,0,5,26/09/2026,Kiln House
PL-009,Jute Floor Rug,8,5,19/09/2026,Oakline
PL-010,Glass Carafe,23,10,29/08/2026,Coastal Craft
PL-011,Waffle Bath Towel,22,8,29/08/2026,Kiln House
