Week starting,Channel,Spend,Owner
04/07/2026,Facebook + Instagram,$238,Riley
04/07/2026,Google Ads,$195,Riley
04/07/2026,Marketplace promo,$60,Sam
11/07/2026,Meta Ads,$259,Riley
11/07/2026,Google Ads,$222,Riley
18/07/2026,FB/IG,$405,Riley
18/07/2026,Google Ads,$110,Riley
25/07/2026,FB/IG,$229,Riley
25/07/2026,Google Ads,$212,Riley
01/08/2026,Facebook + Instagram,$320,Riley
01/08/2026,Google Ads,$119,Riley
01/08/2026,Marketplace promo,$90,Sam
08/08/2026,Facebook + Instagram,$405,Riley
08/08/2026,Google Ads,$207,Riley
15/08/2026,FB/IG,$205,Riley
15/08/2026,Google Ads,$209,Riley
29/08/2026,Facebook + Instagram,$202,Riley
29/08/2026,Google Ads,$256,Riley
29/08/2026,Marketplace promo,$91,Sam
05/09/2026,FB/IG,$312,Riley
05/09/2026,Google Ads,$99,Riley
12/09/2026,Meta Ads,$268,Riley
12/09/2026,Google Ads,$260,Riley
19/09/2026,Facebook + Instagram,$256,Riley
19/09/2026,Google Ads,$101,Riley
26/09/2026,Facebook + Instagram,$420,Riley
26/09/2026,Google Ads,$173,Riley
26/09/2026,Marketplace promo,$89,Sam
