order_ref,order_date,item_name,quantity,sale_price,marketplace_fee,payout
MK88201,2026-07-01,Jute Floor Rug 160x230,1,179.00,21.48,157.52
MK88208,2026-07-02,Linen Throw Blanket - Natural Flax,2,178.00,21.36,156.64
MK88215,2026-07-04,Waffle Weave Bath Towel,2,84.00,10.08,73.92
MK88222,2026-07-06,Rattan Pendant Lamp Shade Large,1,119.00,14.28,104.72
MK88229,2026-07-07,Macrame Wall Hanging Boho,2,150.00,18.00,132.00
MK88236,2026-07-09,Stoneware Bud Vase Matte,1,59.00,7.08,51.92
MK88243,2026-07-11,Soy Wax Candle Fig 300g,2,68.00,8.16,59.84
MK88250,2026-07-12,Macrame Wall Hanging Boho,1,75.00,9.00,66.00
MK88257,2026-07-14,Rattan Pendant Lamp Shade Large,2,238.00,28.56,209.44
MK88264,2026-07-16,Linen Throw Blanket - Natural Flax,2,178.00,21.36,156.64
MK88271,2026-07-18,Handmade Ceramic Mugs Set of 4,2,98.00,11.76,86.24
MK88278,2026-07-19,Linen Throw Blanket - Natural Flax,2,178.00,21.36,156.64
MK88285,2026-07-21,Cotton Cushion Cover 50x50,2,78.00,9.36,68.64
MK88292,2026-07-23,Linen Throw Blanket - Natural Flax,1,89.00,10.68,78.32
MK88299,2026-07-24,Linen Throw Blanket - Natural Flax,2,178.00,21.36,156.64
MK88306,2026-07-26,Linen Throw Blanket - Natural Flax,1,89.00,10.68,78.32
MK88313,2026-07-28,Oak Wood Serving Board,1,69.00,8.28,60.72
MK88320,2026-07-29,Waffle Weave Bath Towel,1,42.00,5.04,36.96
MK88327,2026-07-31,Soy Wax Candle Fig 300g,2,68.00,8.16,59.84
MK88334,2026-08-02,Linen Throw Blanket - Natural Flax,1,89.00,10.68,78.32
MK88341,2026-08-04,Rattan Pendant Lamp Shade Large,2,238.00,28.56,209.44
MK88348,2026-08-05,Handmade Ceramic Mugs Set of 4,1,49.00,5.88,43.12
MK88355,2026-08-07,Cotton Cushion Cover 50x50,1,39.00,4.68,34.32
MK88362,2026-08-09,Rattan Pendant Lamp Shade Large,1,119.00,14.28,104.72
MK88369,2026-08-10,Waffle Weave Bath Towel,1,42.00,5.04,36.96
MK88376,2026-08-12,Waffle Weave Bath Towel,1,42.00,5.04,36.96
MK88383,2026-08-14,Linen Throw Blanket - Natural Flax,1,89.00,10.68,78.32
MK88390,2026-08-16,Glass Water Carafe 1L,1,45.00,5.40,39.60
MK88397,2026-08-17,Handmade Ceramic Mugs Set of 4,1,49.00,5.88,43.12
MK88404,2026-08-19,Waffle Weave Bath Towel,2,84.00,10.08,73.92
MK88411,2026-08-21,Rattan Pendant Lamp Shade Large,1,119.00,14.28,104.72
MK88418,2026-08-22,Jute Floor Rug 160x230,1,179.00,21.48,157.52
MK88425,2026-08-24,Soy Wax Candle Sea Salt 300g,1,34.00,4.08,29.92
MK88432,2026-08-26,Soy Wax Candle Fig 300g,2,68.00,8.16,59.84
MK88439,2026-08-27,Glass Water Carafe 1L,1,45.00,5.40,39.60
MK88446,2026-08-29,Handmade Ceramic Mugs Set of 4,1,49.00,5.88,43.12
MK88453,2026-08-31,Soy Wax Candle Fig 300g,2,68.00,8.16,59.84
MK88460,2026-09-02,Stoneware Bud Vase Matte,1,59.00,7.08,51.92
MK88467,2026-09-03,Jute Floor Rug 160x230,1,179.00,21.48,157.52
MK88474,2026-09-05,Macrame Wall Hanging Boho,1,75.00,9.00,66.00
MK88481,2026-09-07,Oak Wood Serving Board,2,138.00,16.56,121.44
MK88488,2026-09-08,Stoneware Bud Vase Matte,2,118.00,14.16,103.84
MK88495,2026-09-10,Rattan Pendant Lamp Shade Large,2,238.00,28.56,209.44
MK88502,2026-09-12,Glass Water Carafe 1L,1,45.00,5.40,39.60
MK88509,2026-09-13,Handmade Ceramic Mugs Set of 4,1,49.00,5.88,43.12
MK88516,2026-09-15,Handmade Ceramic Mugs Set of 4,1,49.00,5.88,43.12
MK88523,2026-09-17,Oak Wood Serving Board,1,69.00,8.28,60.72
MK88530,2026-09-19,Soy Wax Candle Fig 300g,1,34.00,4.08,29.92
MK88537,2026-09-20,Oak Wood Serving Board,2,138.00,16.56,121.44
MK88544,2026-09-22,Waffle Weave Bath Towel,1,42.00,5.04,36.96
MK88551,2026-09-24,Glass Water Carafe 1L,1,45.00,5.40,39.60
MK88558,2026-09-25,Waffle Weave Bath Towel,2,84.00,10.08,73.92
MK88565,2026-09-27,Soy Wax Candle Fig 300g,2,68.00,8.16,59.84
MK88572,2026-09-29,Jute Floor Rug 160x230,1,179.00,21.48,157.52
