Date,Order #,Product,Reason,Refund Amount,Restocked?
30/07/2026,W-1062,Rattan Lamp Shade,Not as pictured,$119,Y
17/07/2026,,Soy Candle - Fig,Changed mind,$34,
30/07/2026,W-1031,serving board,Damaged in transit,$69,
13/09/2026,insta,rattan lamp shade,Not as pictured,$119,
13/09/2026,,glass carafe,Changed mind,$45,Y
20/07/2026,MK88439,oak serving board,Changed mind,$69,
12/07/2026,insta,rattan lamp shade,Late delivery,$119,
28/08/2026,W-1013,Macrame Wall Hanging,Damaged in transit,$75,Y
25/07/2026,,macrame wall hanging,Damaged in transit,$75,Y
20/07/2026,W-1005,Rattan Lamp Shade,Damaged in transit,$119,Y
06/08/2026,insta,jute floor rug,Late delivery,$179,N
26/09/2026,,serving board,Changed mind,$69,Y
16/07/2026,,rattan lamp shade,Damaged in transit,$119,N
26/09/2026,W-1012,Oak Serving Board,Late delivery,$69,
