order_ref,order_date,item_name,quantity,item_total,marketplace_fee,payout
MK89400,05-10-2026,Cotton Cushion Cover 50x50,2,AUD 78.00,9.36,68.64
MK89407,06-10-2026,Cotton Cushion Cover 50x50,2,AUD 78.00,9.36,68.64
MK89414,07-10-2026,Linen Throw Blanket - Natural Flax,2,AUD 178.00,21.36,156.64
MK89421,08-10-2026,Jute Floor Rug 160x230,1,AUD 179.00,21.48,157.52
MK89428,09-10-2026,Soy Wax Candle Fig 300g,2,AUD 68.00,8.16,59.84
MK89435,10-10-2026,Linen Throw Blanket - Natural Flax,1,AUD 89.00,10.68,78.32
MK89442,11-10-2026,Linen Throw Blanket - Natural Flax,1,AUD 89.00,10.68,78.32
MK89449,05-10-2026,Soy Wax Candle Sea Salt 300g,2,AUD 68.00,8.16,59.84
MK89456,06-10-2026,Stoneware Bud Vase Matte,2,AUD 118.00,14.16,103.84
